00:33;236
06:18;236
06:28;236
06:43;236
06:50;236
06:59;236
07:33;236
07:43;236
07:50;236
08:03;236
08:33;236
08:43;236
08:53;236
09:00;236
09:13;236
09:25;236
09:38;236
09:49;236
10:01;236
10:11;236
10:20;236
10:32;236
10:40;236
10:58;236
11:13;236
11:23;236
11:31;236
11:32;236
11:43;236
11:44;236
11:45;236
11:48;236
11:58;236
12:08;236
12:18;236
12:28;236
12:34;236
12:48;236
12:58;236
13:08;236
13:18;236
13:28;236
13:38;236
13:48;236
13:58;236
14:10;236
14:15;236
14:28;236
14:38;236
15:08;236
15:18;236
15:28;236
15:38;236
15:46;236
15:58;236
16:08;236
16:16;236
16:28;236
16:38;236
16:48;236
16:55;236
17:08;236
17:18;236
17:28;236
17:38;236
17:48;236
17:58;236
18:08;236
18:15;236
18:28;236
18:35;236
18:50;236
19:05;236
19:18;236
19:33;236
19:53;236
20:13;236
20:33;236
21:03;236
21:33;236
22:15;236
22:33;236
23:03;236
23:33;236
23:58;236