00:20;237
06:10;237
06:40;237
07:00;237
07:20;237
07:40;237
08:00;237
08:20;237
08:37;237
09:00;237
09:20;237
09:40;237
10:00;237
10:20;237
10:37;237
11:00;237
11:20;237
11:40;237
12:00;237
12:20;237
12:40;237
13:00;237
13:20;237
13:40;237
14:00;237
14:20;237
14:40;237
15:00;237
15:17;237
15:40;237
16:00;237
16:20;237
16:37;237
17:00;237
17:20;237
17:40;237
18:00;237
18:20;237
18:40;237
19:00;237
19:20;237
19:45;237
20:00;237
20:17;237
20:50;237
21:20;237
21:45;237
22:20;237
22:50;237
23:20;237
23:45;237